{
	"class_name" : "PinholeCameraParameters",
	"extrinsic" : 
	[
		0.87667079516423885,
		-0.23923210742761825,
		0.41739228033331177,
		0.0,
		0.48027776347880535,
		0.38478835074818979,
		-0.78820758372162658,
		0.0,
		0.027956874179674462,
		0.8914628000675231,
		0.45223057092800933,
		0.0,
		-11.873346633937164,
		-399.94361595638333,
		-244.22691809865819,
		1.0
	],
	"intrinsic" : 
	{
		"height" : 845,
		"intrinsic_matrix" : 
		[
			731.7914661978507,
			0.0,
			0.0,
			0.0,
			731.7914661978507,
			0.0,
			766.0,
			422.0,
			1.0
		],
		"width" : 1533
	},
	"version_major" : 1,
	"version_minor" : 0
}