{
	"class_name" : "PinholeCameraParameters",
	"extrinsic" : 
	[
		0.96723577484678125,
		-0.11119183298050886,
		-0.22823525611741358,
		0.0,
		0.021557649801671047,
		-0.85977178293392498,
		0.51022323448236695,
		0.0,
		-0.25296288975178804,
		-0.49842638127315697,
		-0.82920499206129383,
		0.0,
		142.03867292195199,
		197.57673586515489,
		413.83677741430353,
		1.0
	],
	"intrinsic" : 
	{
		"height" : 845,
		"intrinsic_matrix" : 
		[
			731.7914661978507,
			0.0,
			0.0,
			0.0,
			731.7914661978507,
			0.0,
			766.0,
			422.0,
			1.0
		],
		"width" : 1533
	},
	"version_major" : 1,
	"version_minor" : 0
}