{
	"class_name" : "PinholeCameraParameters",
	"extrinsic" : 
	[
		0.95056724308826157,
		-0.21609129152529358,
		0.22299432749402551,
		0.0,
		0.30172829556953484,
		0.47311376890669998,
		-0.82772181155482505,
		0.0,
		0.073361788557024465,
		0.85408893881013848,
		0.51492730805608489,
		0.0,
		-42.603849564312668,
		-378.94938680506942,
		-270.30562579591617,
		1.0
	],
	"intrinsic" : 
	{
		"height" : 845,
		"intrinsic_matrix" : 
		[
			731.7914661978507,
			0.0,
			0.0,
			0.0,
			731.7914661978507,
			0.0,
			766.0,
			422.0,
			1.0
		],
		"width" : 1533
	},
	"version_major" : 1,
	"version_minor" : 0
}