{
	"class_name" : "PinholeCameraParameters",
	"extrinsic" : 
	[
		0.95871219220842552,
		-0.28423972911044232,
		-0.008871803995667173,
		0.0,
		0.21854864086694642,
		0.75638627753741849,
		-0.61653571731757595,
		0.0,
		0.18195445607658431,
		0.58914138841903629,
		0.78727695277174514,
		0.0,
		-97.24874482964924,
		-241.52980836195238,
		-382.85742338790078,
		1.0
	],
	"intrinsic" : 
	{
		"height" : 845,
		"intrinsic_matrix" : 
		[
			731.7914661978507,
			0.0,
			0.0,
			0.0,
			731.7914661978507,
			0.0,
			766.0,
			422.0,
			1.0
		],
		"width" : 1533
	},
	"version_major" : 1,
	"version_minor" : 0
}