{
	"class_name" : "PinholeCameraParameters",
	"extrinsic" : 
	[
		0.26693884983680272,
		0.71658054697796447,
		-0.64440357706996498,
		0.0,
		-0.95791329955632043,
		0.27054251282414477,
		-0.095962801584368221,
		0.0,
		0.10557348616451132,
		0.64289895663903418,
		0.7586403433587704,
		0.0,
		-60.865970788949554,
		-238.8742590186823,
		-390.91549183182724,
		1.0
	],
	"intrinsic" : 
	{
		"height" : 845,
		"intrinsic_matrix" : 
		[
			731.7914661978507,
			0.0,
			0.0,
			0.0,
			731.7914661978507,
			0.0,
			766.0,
			422.0,
			1.0
		],
		"width" : 1533
	},
	"version_major" : 1,
	"version_minor" : 0
}