{
	"class_name" : "PinholeCameraParameters",
	"extrinsic" : 
	[
		0.93785116469779073,
		-0.11016033225764567,
		0.32908949249692326,
		0.0,
		0.34494141474324863,
		0.39997677630364675,
		-0.84913720847261709,
		0.0,
		-0.038086917306649273,
		0.90988091507330104,
		0.41311754636598141,
		0.0,
		11.851147188451977,
		-410.55612870622315,
		-226.12199248137256,
		1.0
	],
	"intrinsic" : 
	{
		"height" : 845,
		"intrinsic_matrix" : 
		[
			731.7914661978507,
			0.0,
			0.0,
			0.0,
			731.7914661978507,
			0.0,
			766.0,
			422.0,
			1.0
		],
		"width" : 1533
	},
	"version_major" : 1,
	"version_minor" : 0
}