{
	"class_name" : "PinholeCameraParameters",
	"extrinsic" : 
	[
		0.99894876000588284,
		0.045829041167569133,
		0.001036276203705408,
		0.0,
		-0.045788772963264807,
		0.99863724197306625,
		-0.025040910825014074,
		0.0,
		-0.0021824649430636851,
		0.024967137002246998,
		0.9996858901258352,
		0.0,
		26.214612705783399,
		5.3917674823971566,
		-298.23799107710823,
		1.0
	],
	"intrinsic" : 
	{
		"height" : 845,
		"intrinsic_matrix" : 
		[
			731.7914661978507,
			0.0,
			0.0,
			0.0,
			731.7914661978507,
			0.0,
			766.0,
			422.0,
			1.0
		],
		"width" : 1533
	},
	"version_major" : 1,
	"version_minor" : 0
}