{
	"class_name" : "PinholeCameraParameters",
	"extrinsic" : 
	[
		0.96170511686917126,
		-0.16090280515087713,
		-0.2218863571340805,
		0.0,
		0.075460962211424593,
		-0.62282621518283376,
		0.77871249435407974,
		0.0,
		-0.26349366476213393,
		-0.76563554840119952,
		-0.58683327756238812,
		0.0,
		148.68506957203851,
		330.69081179091137,
		310.50672800922854,
		1.0
	],
	"intrinsic" : 
	{
		"height" : 845,
		"intrinsic_matrix" : 
		[
			731.7914661978507,
			0.0,
			0.0,
			0.0,
			731.7914661978507,
			0.0,
			766.0,
			422.0,
			1.0
		],
		"width" : 1533
	},
	"version_major" : 1,
	"version_minor" : 0
}